{"schemaVersion":"1.0","appDefinitionTemplate":{"id":"/providers/Microsoft.PowerApps/apps/","type":"Microsoft.PowerApps/apps","tags":{"primaryDeviceWidth":"1366","primaryDeviceHeight":"768","supportsPortrait":"false","supportsLandscape":"true","primaryFormFactor":"Tablet","publisherVersion":"3.23113.20","minimumRequiredApiVersion":"2.2.0","hasComponent":"false","hasUnlockedComponent":"false","isUnifiedRootApp":"false","sienaVersion":"20231206T152533Z-3.23113.20.0","showStatusBar":"false"},"properties":{"appVersion":"2023-12-06T15:25:33Z","lifeCycleId":"Published","createdByClientVersion":{"major":3,"minor":23113,"build":20,"revision":0,"majorRevision":0,"minorRevision":0},"minClientVersion":{"major":3,"minor":23113,"build":20,"revision":0,"majorRevision":0,"minorRevision":0},"backgroundColor":"rgba(171, 184, 194, 1)","backgroundImageUri":"/11647380320539323857/N2e81f66b-1ad1-4f4f-8c06-18d215a8c3f2-logoSmallFile","displayName":"Book A Room INGENICO","description":"Quickly find work spaces for meetings—filter by date, time, and location until you find the perfect spot. Reserve with the tap of a button","commitMessage":"","appUris":{"documentUri":{"value":"/11647380320539323857/N8ee14a81-0d14-4207-b84b-7d5cb5900eeb-document.msapp"},"imageUris":[],"additionalUris":[]},"createdTime":"0001-01-01T00:00:00Z","lastModifiedTime":"0001-01-01T00:00:00Z","sharedGroupsCount":0,"sharedUsersCount":0,"connectionReferences":{"177c5454-dfbb-4a45-b731-44a44718f323":{"id":"d7cb7c75-9f46-491c-a44d-84b8bc4d8b6d","displayName":"Office 365 Outlook","iconUri":"https://connectoricons-prod.azureedge.net/releases/v1.0.1669/1.0.1669.3522/office365/icon.png","dataSources":["Office365"],"dependencies":[],"dependents":[],"parameterHints":{},"parameterHintsV2":{},"isOnPremiseConnection":false,"bypassConsent":false,"dataSets":{},"apiTier":"Standard","isCustomApiConnection":false,"actions":["GetRoomLists","GetRooms","CalendarGetTables","GetEventsCalendarViewV2","CalendarDeleteItemV2","FindMeetingTimes","GetRoomsInRoomList","V2CalendarPostItem","V2CalendarPatchItem"]},"c2cc55f3-9620-47e5-a551-6fd0e9ba33bb":{"id":"15fc66f8-5930-46d4-b14c-66ee33ca1552","displayName":"Office 365 Users","iconUri":"https://connectoricons-prod.azureedge.net/releases/v1.0.1664/1.0.1664.3477/office365users/icon.png","dataSources":["Office365Users"],"dependencies":[],"dependents":[],"parameterHints":{},"parameterHintsV2":{},"isOnPremiseConnection":false,"bypassConsent":false,"dataSets":{},"apiTier":"Standard","isCustomApiConnection":false,"actions":["MyProfile","SearchUser"]},"a03aaf66-e38d-46e3-b198-3ab2e625f7a7":{"id":"984ee24f-b7c5-4797-a6bf-ea693bd2210d","displayName":"SharePoint","iconUri":"https://connectoricons-prod.azureedge.net/releases/v1.0.1664/1.0.1664.3477/sharepointonline/icon.png","dataSources":["RoomList"],"dependencies":[],"dependents":[],"parameterHints":{},"parameterHintsV2":{},"isOnPremiseConnection":false,"bypassConsent":false,"dataSets":{"https://ingenicogroup.sharepoint.com/sites/SingaporeITTeam":{"dataSources":{"RoomList":{"tableName":"732078bd-199f-4648-bf70-413373461fef"}}}},"apiTier":"Standard","isCustomApiConnection":false,"actions":["providers/PowerPlatform.Governance/Operations/Read"]}},"databaseReferences":{},"almMode":"Environment","performanceOptimizationEnabled":true,"canConsumeAppPass":true,"enableModernRuntimeMode":false,"executionRestrictions":{"isTeamsOnly":false,"dataLossPreventionEvaluationResult":{"status":"Compliant","lastEvaluationDate":"2022-10-20T04:51:08.1751047Z","violations":[],"violationsByPolicy":[],"violationErrorMessage":"The app uses the following connectors: shared_office365, shared_office365users."}}},"appType":"ClassicCanvasApp","appComponents":[]}}